Title,Price,Date
Gloria Vanderbilt Women's Amanda Classic High Rise Tapered Jean,21.99,2024-12-29
Gloria Vanderbilt Women's Amanda Classic High Rise Tapered Jean,21.99,2024-12-29
Gloria Vanderbilt Women's Amanda Classic High Rise Tapered Jean,21.99,2024-12-29
Gloria Vanderbilt Women's Amanda Classic High Rise Tapered Jean,21.99,2024-12-29
Gloria Vanderbilt Women's Amanda Classic High Rise Tapered Jean,21.99,2024-12-29
Gloria Vanderbilt Women's Amanda Classic High Rise Tapered Jean,21.99,2024-12-29
Gloria Vanderbilt Women's Amanda Classic High Rise Tapered Jean,21.99,2024-12-29
Gloria Vanderbilt Women's Amanda Classic High Rise Tapered Jean,21.99,2024-12-29
Gloria Vanderbilt Women's Amanda Classic High Rise Tapered Jean,21.99,2024-12-29
Gloria Vanderbilt Women's Amanda Classic High Rise Tapered Jean,21.99,2024-12-29
Gloria Vanderbilt Women's Amanda Classic High Rise Tapered Jean,21.99,2024-12-29
